rank,account_name,tier,ae,sdr,state,rfp_prob_90d,rfp_prob_180d,top_product,initiative_theme,why_now,target_persona,suggested_action,suggested_asset,priority_tier,signals_count
1,Cencora,Strategics,Jay Levine,Riddhimaan Bhattacharyya,PA,0.85,0.95,Gravity,Enterprise Data Platform Modernization and Post-M&A Integration,"The recent $3.5B divestiture creates an urgent IT disentanglement mandate, while the ongoing $5B OneOncology acquisition requires an immediate, scalable data integration strategy.","Pawan Verma (CDIO), VP Enterprise Architecture, VP M&A IT Integration",Post-M&A Data Strategy & Infrastructure Modernization Assessment,Case Study: Accelerating Post-Merger Data Integration for Large Health Systems,immediate,4
2,LivaNova,Top,Gina Black,Kumar Shanu Goswami,PA,0.85,0.9,Gravity,MedTech Data Activation & Analytics Platform,"Your recent Orrum partnership and strategic shift to a data-driven MedTech company creates an immediate, critical need for a platform to unify device and clinical data to power your new 'intelligent' offerings.","CTO, CDO, VP of Data & Analytics, VP of R&D",Data Activation Strategy Workshop,MedTech Case Study: Unifying Device & Clinical Data for R&D Acceleration,immediate,3
3,Kroger,Strategics,Jay Levine,Riddhimaan Bhattacharyya,OH,0.75,0.85,Gravity,Post-Merger Pivot to AI-driven Health & Pharmacy Optimization,"The recent collapse of the Albertsons merger creates immediate, board-level pressure to drive new organic growth and efficiency. Optimizing your high-margin Kroger Health division with a specialized healthcare AI and data platform is the fastest path to demonstrable value.","Chief Strategy Officer, Chief Data Officer, President of Kroger Health, CIO",Executive Workshop: 'Accelerating Kroger Health's Value Post-Merger with a Unified Data & AI Strategy',Whitepaper: 'The ROI of a Healthcare Data Platform for Retail Health',immediate,15
4,Mass General Brigham,Strategics,Joseph Thompson,Radhika Arora,MA,0.75,0.9,Gravity,Payer-Provider Integration & Data Commercialization Platform,"The recent Fallon Health acquisition and Dana-Farber split create immediate, large-scale data unification and VBC enablement challenges that cannot be solved with legacy systems.","Chief Data Science Officer / Chief Innovation Officer / CCO, Ascertain",Payer-Provider Integration & Data Commercialization Strategy Workshop,IDN-to-Payvider Transformation Case Study,immediate,6
5,Jefferson Health,Strategics,Jay Levine,Riddhimaan Bhattacharyya,PA,0.75,0.9,Gravity,Post-Merger IT Consolidation & AI-Powered Innovation,"The impending LVHN merger necessitates a unified data strategy to realize synergies, while the new AI grant requires a robust analytics platform to accelerate innovation and report on outcomes.","CIO, Chief Digital Officer (CDO), Chief Strategy Officer (CSO)",Post-Merger Data Integration & AI Acceleration Workshop,Case Study: Large Health System Post-Merger Data Platform Consolidation,immediate,4
6,Ascension,Strategics,John Hickey,Ravina Singh,MO,0.75,0.9,Gravity,Post-M&A Data Integration and Network Optimization,"The recent ASC megadeal creates an urgent, board-level need for data integration and referral network management to realize the acquisition's value, directly aligning with CIO Conrado's digital mandate.","Eduardo Conrado (President & CIO), Chief Strategy Officer, VP M&A Integration",M&A Integration Acceleration Workshop,Case Study: 'Realizing Post-Merger Synergies: A Data-First Approach for Health Systems',immediate,6
7,University Of Pittsburgh Medical Center,Strategics,Joseph Thompson,Radhika Arora,PA,0.75,0.9,Gravity,Post-M&A Data Integration and Analytics Modernization,"Recent M&A activity creates an urgent need to unify disparate data systems to realize acquisition synergies, enable system-wide analytics, and avoid costly integration delays.","CIO / CDO / VP, Enterprise Analytics",Post-M&A Data Integration Strategy Workshop,Large IDN Post-Merger Integration Case Study,immediate,5
8,healthfirst,Top,John Specht,Ritika Shaw,NY,0.7,0.85,Comet,Analytics Modernization for Market Leadership,Intensifying MA competition and the pressure to defend your #1 quality ranking necessitates a modern analytics platform to maintain market leadership.,"CIO, Chief Medical Officer, VP of Quality",Quality Performance Modernization Workshop,Case Study: How [Peer Health Plan] Sustained 5-Star Rating with Innovaccer,immediate,5
9,Banner Health,Strategics,Baz Patel,Runit Abraham,AZ,0.2,0.6,Gravity,EHR Migration & M&A Data Unification,Banner's 'Project Fusion' EHR migration creates inevitable data fragmentation. Engaging now allows us to position Innovaccer as the strategic data unification layer to de-risk the migration and enable your M&A growth strategy.,"CIO, CMIO, CDO, and Mark Garvin (Expansion Lead)",Strategic Data & Analytics Modernization Workshop,Case Study: Post-EHR Migration Data Unification,immediate,5
10,Blue Cross and Blue Shield of Kansas,Top,Hannah Schuyler,Abhinav Pandey,KS,0.2,0.5,Gravity,AI-Ready Data Foundation and Analytics Augmentation,"With your recent investment in the Stellarus AI platform and Tyson Yager's data-focused leadership, now is the time to ensure your foundational data strategy can scale to deliver maximum ROI on your AI initiatives.","Tyson Yager (Chief Data Officer), VP of Analytics/Innovation, Chief Medical Officer",Propose a 'Data & AI Readiness Assessment' to identify opportunities to accelerate your roadmap with a unified healthcare data platform.,Innovaccer's 'Payer AI Maturity Model' Whitepaper,high,3
11,Grifols,Top,Gina Black,Kumar Shanu Goswami,CA,0.15,0.25,Gravity,AI-driven R&D and operational modernization,No recent signals detected (older than ~8 months). Monitor for new activity before outreach.,Chief Data Officer / Chief Analytics Officer / CIO / VP of R&D IT,Propose a 'Post-Merger Data Synergy & AI Acceleration' strategy workshop.,Life Sciences Case Study: Accelerating Drug Discovery with a Unified Healthcare Data Platform.,standard,6
12,Mercy (MO),Strategics,Ryan Grace,Ravina Singh,MO,0.15,0.25,Gravity,System-wide Digital and Patient Experience Transformation,No recent signals detected (older than ~8 months). Monitor for new activity before outreach.,"Chief Transformation Officer, CIO, Chief Digital Officer",Transformation Partnership Workshop,Innovaccer's 'Health System Transformation Blueprint' Whitepaper,standard,1
13,Pediatrix Medical Group,Top,Will Pettinger,Alishah Rehman,FL,0.15,0.25,Gravity,Digital Transformation and Post-Partnership Network Integration,No recent signals detected (older than ~8 months). Monitor for new activity before outreach.,"Mark St-Hilaire, MD, MS (CIO)",Propose an 'AI-Driven Network Performance' executive workshop.,Case Study: How [Similar Multi-Entity Group] Unified Data to Optimize Network Performance,standard,2
14,Indiana University Health,Strategics,Joseph Thompson,Radhika Arora,IN,0.15,0.25,Gravity,AI and Digital Innovation Ecosystem Enablement,No recent signals detected (older than ~8 months). Monitor for new activity before outreach.,CDO / Chief Innovation Officer / VP of IT & Strategy,Innovation Ecosystem Strategy Session,The Unified Data Platform as an Innovation Engine Whitepaper,standard,3
15,Mayo Clinic,Strategics,Joseph Thompson,Radhika Arora,MN,0.15,0.25,Galaxy,Enterprise AI Ecosystem and Application Scaling,No recent signals detected (older than ~8 months). Monitor for new activity before outreach.,"CDO / President, Mayo Clinic Platform / CIO",Executive AI Strategy Roundtable,Case Study: Augmenting a 'Build' AI Strategy with Innovaccer's Application Layer,standard,1
16,Bausch Health Companies,Top,Gina Black,Kumar Shanu Goswami,NJ,0.15,0.25,Gravity,Post-Acquisition Data & Analytics Integration,"Following the integration of DURECT, there is a strategic opportunity to leverage the newly unified data to optimize care management and commercialization efforts for the expanded liver disease portfolio.","CIO, CDO, Head of Post-Merger Integration",Propose a Post-Merger Data Strategy Assessment to identify gaps and opportunities in leveraging combined data assets.,Post-M&A Data Integration Playbook for Life Sciences,standard,2
17,Horizon Blue Cross Blue Shield Of New Jersey,Top,Lisa Lehtinen,Vignesh P,NJ,0.1,0.25,Gravity,Data & Analytics Modernization for Population Health,No recent signals detected (older than ~8 months). Monitor for new activity before outreach.,"CDO / Chief Analytics Officer, VP of Population Health, CIO",Competitive Bake-off Assessment,Case Study: How [Peer Payer] Reduced Vendor Sprawl and Improved Member Outcomes,standard,2
18,South Country Health Alliance,Top,David Kaskoun,Sonali Dabas,MN,0.1,0.25,Gravity,Medicaid Contract Optimization through Data Unification,They just added another point solution (Itiliti) to their new stack (ZeOmega). It's the perfect time to address the strategic risk of data silos before it hampers their Medicaid contract performance.,CIO / Chief Data Officer / VP of Health Plan Operations,Data Strategy & Modernization Workshop,Whitepaper: 'The Hidden Costs of Point Solutions in Payer Operations',high,4
